;('mean', 'std');('mean with noise', 'std with noise')
0;[0.55925501 1.28048261];[0.55968025 1.28051241]
1;[1.32163346e-03 8.21994782e-06];[1.55570445e-03 6.44175447e-06]
