;mean;std;mean noise;std noise
0;-0.23610385505897985;0.0009094364611458353;-0.24227856328794176;0.026934735011120398
1;-1.4525945051996733e-05;3.5084833663989226e-05;1.8693368896503943e-05;7.286619771221878e-05
2;1.452202378579626;0.1864587107669831;1.4175053398613473;0.2361024562291855
